"REGION","MONTH.YEAR","VALUE"
"New.South.Wales...Trend","Jan-14",498658.9
"New.South.Wales...Trend","Feb-14",499248.6
"New.South.Wales...Trend","Mar-14",500161.7
"New.South.Wales...Trend","Apr-14",501185
"New.South.Wales...Trend","May-14",502164.1
"New.South.Wales...Trend","Jun-14",502998
"New.South.Wales...Trend","Jul-14",503651.9
"New.South.Wales...Trend","Aug-14",504065.3
"New.South.Wales...Trend","Sep-14",504155.1
"New.South.Wales...Trend","Oct-14",503986.8
"New.South.Wales...Trend","Nov-14",503826.7
"New.South.Wales...Trend","Dec-14",503959.1
"New.South.Wales...Trend","Jan-15",504500.7
"New.South.Wales...Trend","Feb-15",505505.7
"New.South.Wales...Trend","Mar-15",507064.4
"New.South.Wales...Trend","Apr-15",509270.1
"New.South.Wales...Trend","May-15",511987.3
"New.South.Wales...Trend","Jun-15",514785.5
"New.South.Wales...Trend","Jul-15",517435.7
"New.South.Wales...Trend","Aug-15",520015.6
"New.South.Wales...Trend","Sep-15",522731.2
"New.South.Wales...Trend","Oct-15",525641.6
"New.South.Wales...Trend","Nov-15",528386.4
"New.South.Wales...Trend","Dec-15",530538.5
"New.South.Wales...Trend","Jan-16",531743.2
"New.South.Wales...Trend","Feb-16",531954.2
"New.South.Wales...Trend","Mar-16",531245.5
"New.South.Wales...Trend","Apr-16",529994.4
"New.South.Wales...Trend","May-16",528805.8
"New.South.Wales...Trend","Jun-16",528044.6
"New.South.Wales...Trend","Jul-16",527755.9
"New.South.Wales...Trend","Aug-16",527827.3
"New.South.Wales...Trend","Sep-16",528047.4
"New.South.Wales...Trend","Oct-16",528221.9
"New.South.Wales...Trend","Nov-16",528252.1
"New.South.Wales...Trend","Dec-16",528059.8
"New.South.Wales...Trend","Jan-17",527784.7
"New.South.Wales...Trend","Feb-17",527758.7
"New.South.Wales...Trend","Mar-17",528187.9
"New.South.Wales...Trend","Apr-17",529234.1
"New.South.Wales...Trend","May-17",530866.5
"New.South.Wales...Trend","Jun-17",533026
"New.South.Wales...Trend","Jul-17",535451.3
"New.South.Wales...Trend","Aug-17",537778.2
"New.South.Wales...Trend","Sep-17",539748.5
"New.South.Wales...Trend","Oct-17",541239
"New.South.Wales...Trend","Nov-17",542329.5
"New.South.Wales...Trend","Dec-17",543140.6
"New.South.Wales...Trend","Jan-18",543909.7
"New.South.Wales...Trend","Feb-18",544806.4
"New.South.Wales...Trend","Mar-18",546150.1
"New.South.Wales...Trend","Apr-18",547812.6
"New.South.Wales...Trend","May-18",549285.5
"New.South.Wales...Trend","Jun-18",550283.4
"New.South.Wales...Trend","Jul-18",550639.2
"New.South.Wales...Trend","Aug-18",550440.6
"New.South.Wales...Trend","Sep-18",549898.5
"New.South.Wales...Trend","Oct-18",549575.1
"New.South.Wales...Trend","Nov-18",549966.7
"New.South.Wales...Trend","Dec-18",551377.4
"New.South.Wales...Trend","Jan-19",553587.3
"New.South.Wales...Trend","Feb-19",556198.1
"New.South.Wales...Trend","Mar-19",558711.7
"New.South.Wales...Trend","Apr-19",560639.7
"New.South.Wales...Trend","May-19",561885.6
"New.South.Wales...Trend","Jun-19",562412.9
"New.South.Wales...Trend","Jul-19",562402.8
"New.South.Wales...Trend","Aug-19",562251.8
"New.South.Wales...Trend","Sep-19",562061.5
"New.South.Wales...Trend","Oct-19",561785.6
"New.South.Wales...Trend","Nov-19",561244.3
"New.South.Wales...Trend","Dec-19",560660.2
"New.South.Wales...Trend","Jan-20",560196.5
"New.South.Wales...Trend","Feb-20",559875.4
"New.South.Wales...Trend","Mar-20",559651.4
"New.South.Wales...Trend","Apr-20",499247.7
"New.South.Wales...Trend","May-20",500485.9
"New.South.Wales...Trend","Jun-20",532219.8
"New.South.Wales...Trend","Jul-20",535132.8
"New.South.Wales...Trend","Aug-20",538436.4
"New.South.Wales...Trend","Sep-20",541887.7
"New.South.Wales...Trend","Oct-20",545472.2
"New.South.Wales...Trend","Nov-20",548953.6
"New.South.Wales...Trend","Dec-20",551957.1
"New.South.Wales...Trend","Jan-21",554433.4
"New.South.Wales...Trend","Feb-21",556610.3
"New.South.Wales...Trend","Mar-21",558259.3
"New.South.Wales...Trend","Apr-21",559484.3
"New.South.Wales...Trend","May-21",560577
"New.South.Wales...Trend","Jun-21",561967.1
"New.South.Wales...Trend","Jul-21",498341
"New.South.Wales...Trend","Aug-21",500429.9
"New.South.Wales...Trend","Sep-21",502743.5
"New.South.Wales...Trend","Oct-21",527166.8
"New.South.Wales...Trend","Nov-21",561285.6
"New.South.Wales...Trend","Dec-21",563156.8
"New.South.Wales...Trend","Jan-22",564784.3
"New.South.Wales...Trend","Feb-22",566485.4
"New.South.Wales...Trend","Mar-22",568727
"New.South.Wales...Trend","Apr-22",571607.1
"New.South.Wales...Trend","May-22",574983
"New.South.Wales...Trend","Jun-22",578897.5
"New.South.Wales...Trend","Jul-22",583098.6
"New.South.Wales...Trend","Aug-22",587233.8
"New.South.Wales...Trend","Sep-22",591115.9
"New.South.Wales...Trend","Oct-22",594565.4
"New.South.Wales...Trend","Nov-22",597244
"New.South.Wales...Trend","Dec-22",599073
"New.South.Wales...Trend","Jan-23",599987.5
"New.South.Wales...Trend","Feb-23",600464.6
"New.South.Wales...Trend","Mar-23",601186.4
"New.South.Wales...Trend","Apr-23",602241.4
"New.South.Wales...Trend","May-23",603245.2
"New.South.Wales...Trend","Jun-23",603738.1
"New.South.Wales...Trend","Jul-23",603524.8
"New.South.Wales...Trend","Aug-23",602523.2
"New.South.Wales...Trend","Sep-23",601076
"New.South.Wales...Trend","Oct-23",599579.7
"New.South.Wales...Trend","Nov-23",598456
"New.South.Wales...Trend","Dec-23",597954.2
"New.South.Wales...Trend","Jan-24",598063.6
"New.South.Wales...Trend","Feb-24",598592.8
"New.South.Wales...Trend","Mar-24",599303.7
"New.South.Wales...Trend","Apr-24",600071.2
"New.South.Wales...Trend","May-24",600854.9
"New.South.Wales...Trend","Jun-24",601577.6
"New.South.Wales...Trend","Jul-24",602230.3
"New.South.Wales...Trend","Aug-24",602949.2
"Victoria...Trend","Jan-14",395777.8
"Victoria...Trend","Feb-14",395564.4
"Victoria...Trend","Mar-14",395728.2
"Victoria...Trend","Apr-14",396205.1
"Victoria...Trend","May-14",396824.3
"Victoria...Trend","Jun-14",397311.3
"Victoria...Trend","Jul-14",397584.8
"Victoria...Trend","Aug-14",397694.8
"Victoria...Trend","Sep-14",397847.3
"Victoria...Trend","Oct-14",398354.9
"Victoria...Trend","Nov-14",399589.4
"Victoria...Trend","Dec-14",401588.7
"Victoria...Trend","Jan-15",403874.3
"Victoria...Trend","Feb-15",406023.4
"Victoria...Trend","Mar-15",407648.9
"Victoria...Trend","Apr-15",408480.3
"Victoria...Trend","May-15",408620.5
"Victoria...Trend","Jun-15",408633.7
"Victoria...Trend","Jul-15",408808.2
"Victoria...Trend","Aug-15",409472.1
"Victoria...Trend","Sep-15",410651.1
"Victoria...Trend","Oct-15",412110.4
"Victoria...Trend","Nov-15",413475.6
"Victoria...Trend","Dec-15",414612.1
"Victoria...Trend","Jan-16",415614
"Victoria...Trend","Feb-16",416525.1
"Victoria...Trend","Mar-16",417624.9
"Victoria...Trend","Apr-16",419202.1
"Victoria...Trend","May-16",421103.6
"Victoria...Trend","Jun-16",423015.5
"Victoria...Trend","Jul-16",424823.6
"Victoria...Trend","Aug-16",426459.1
"Victoria...Trend","Sep-16",427681.6
"Victoria...Trend","Oct-16",428606.3
"Victoria...Trend","Nov-16",429351.5
"Victoria...Trend","Dec-16",430113.3
"Victoria...Trend","Jan-17",431028.3
"Victoria...Trend","Feb-17",432108.9
"Victoria...Trend","Mar-17",433248.2
"Victoria...Trend","Apr-17",434315.9
"Victoria...Trend","May-17",435149.6
"Victoria...Trend","Jun-17",435723.4
"Victoria...Trend","Jul-17",436042.4
"Victoria...Trend","Aug-17",436372.7
"Victoria...Trend","Sep-17",437076.1
"Victoria...Trend","Oct-17",438282
"Victoria...Trend","Nov-17",439855.8
"Victoria...Trend","Dec-17",441475.9
"Victoria...Trend","Jan-18",442722.3
"Victoria...Trend","Feb-18",443589.7
"Victoria...Trend","Mar-18",444194.9
"Victoria...Trend","Apr-18",444851
"Victoria...Trend","May-18",445923.3
"Victoria...Trend","Jun-18",447492.5
"Victoria...Trend","Jul-18",449237.1
"Victoria...Trend","Aug-18",450877.2
"Victoria...Trend","Sep-18",452250.1
"Victoria...Trend","Oct-18",453511.3
"Victoria...Trend","Nov-18",454708.7
"Victoria...Trend","Dec-18",455680.5
"Victoria...Trend","Jan-19",456462.7
"Victoria...Trend","Feb-19",456786.2
"Victoria...Trend","Mar-19",456628
"Victoria...Trend","Apr-19",456256.6
"Victoria...Trend","May-19",455884.9
"Victoria...Trend","Jun-19",455876.7
"Victoria...Trend","Jul-19",456552.1
"Victoria...Trend","Aug-19",457794.9
"Victoria...Trend","Sep-19",459111.4
"Victoria...Trend","Oct-19",460017.1
"Victoria...Trend","Nov-19",460246.1
"Victoria...Trend","Dec-19",459791.3
"Victoria...Trend","Jan-20",458903.5
"Victoria...Trend","Feb-20",457915.9
"Victoria...Trend","Mar-20",457065.8
"Victoria...Trend","Apr-20",411571.3
"Victoria...Trend","May-20",411382
"Victoria...Trend","Jun-20",411812.8
"Victoria...Trend","Jul-20",412626.2
"Victoria...Trend","Aug-20",413831.6
"Victoria...Trend","Sep-20",415233.9
"Victoria...Trend","Oct-20",416820.7
"Victoria...Trend","Nov-20",444849.3
"Victoria...Trend","Dec-20",446586.6
"Victoria...Trend","Jan-21",448464.5
"Victoria...Trend","Feb-21",450687.5
"Victoria...Trend","Mar-21",453328.2
"Victoria...Trend","Apr-21",456101.4
"Victoria...Trend","May-21",458529.4
"Victoria...Trend","Jun-21",460299.9
"Victoria...Trend","Jul-21",461499.9
"Victoria...Trend","Aug-21",462534.1
"Victoria...Trend","Sep-21",463447.9
"Victoria...Trend","Oct-21",464577.5
"Victoria...Trend","Nov-21",465639.6
"Victoria...Trend","Dec-21",466394.8
"Victoria...Trend","Jan-22",466394.3
"Victoria...Trend","Feb-22",465719.3
"Victoria...Trend","Mar-22",464922.9
"Victoria...Trend","Apr-22",464639
"Victoria...Trend","May-22",465327.9
"Victoria...Trend","Jun-22",467186.3
"Victoria...Trend","Jul-22",469886
"Victoria...Trend","Aug-22",472931.4
"Victoria...Trend","Sep-22",475973.9
"Victoria...Trend","Oct-22",479025.6
"Victoria...Trend","Nov-22",482089.2
"Victoria...Trend","Dec-22",485291.6
"Victoria...Trend","Jan-23",488602.9
"Victoria...Trend","Feb-23",491976.8
"Victoria...Trend","Mar-23",495069.6
"Victoria...Trend","Apr-23",497412.4
"Victoria...Trend","May-23",498664.4
"Victoria...Trend","Jun-23",498755.4
"Victoria...Trend","Jul-23",497821.6
"Victoria...Trend","Aug-23",496223.9
"Victoria...Trend","Sep-23",494254.8
"Victoria...Trend","Oct-23",492542.9
"Victoria...Trend","Nov-23",491745.3
"Victoria...Trend","Dec-23",492227.6
"Victoria...Trend","Jan-24",493766.6
"Victoria...Trend","Feb-24",495757.1
"Victoria...Trend","Mar-24",497890.9
"Victoria...Trend","Apr-24",499969
"Victoria...Trend","May-24",501800.7
"Victoria...Trend","Jun-24",503381.4
"Victoria...Trend","Jul-24",504824.8
"Victoria...Trend","Aug-24",506267.4
"Queensland...Trend","Jan-14",331769.1
"Queensland...Trend","Feb-14",331854.6
"Queensland...Trend","Mar-14",332114.5
"Queensland...Trend","Apr-14",332296.4
"Queensland...Trend","May-14",332247.5
"Queensland...Trend","Jun-14",331880.4
"Queensland...Trend","Jul-14",331120
"Queensland...Trend","Aug-14",330079.5
"Queensland...Trend","Sep-14",329158.7
"Queensland...Trend","Oct-14",328795.5
"Queensland...Trend","Nov-14",329028.2
"Queensland...Trend","Dec-14",329804.7
"Queensland...Trend","Jan-15",330991.6
"Queensland...Trend","Feb-15",332321.1
"Queensland...Trend","Mar-15",333348.7
"Queensland...Trend","Apr-15",333894.8
"Queensland...Trend","May-15",334129.9
"Queensland...Trend","Jun-15",334289.2
"Queensland...Trend","Jul-15",334605.5
"Queensland...Trend","Aug-15",335184.2
"Queensland...Trend","Sep-15",335910.3
"Queensland...Trend","Oct-15",336642.5
"Queensland...Trend","Nov-15",337061.2
"Queensland...Trend","Dec-15",337081.4
"Queensland...Trend","Jan-16",336683.5
"Queensland...Trend","Feb-16",336110.4
"Queensland...Trend","Mar-16",335686
"Queensland...Trend","Apr-16",335485.1
"Queensland...Trend","May-16",335303.4
"Queensland...Trend","Jun-16",335025.6
"Queensland...Trend","Jul-16",334565.1
"Queensland...Trend","Aug-16",333984.1
"Queensland...Trend","Sep-16",333495.6
"Queensland...Trend","Oct-16",333365.4
"Queensland...Trend","Nov-16",333642
"Queensland...Trend","Dec-16",334517.5
"Queensland...Trend","Jan-17",335933.1
"Queensland...Trend","Feb-17",337850.1
"Queensland...Trend","Mar-17",339958.3
"Queensland...Trend","Apr-17",341879.4
"Queensland...Trend","May-17",343491.5
"Queensland...Trend","Jun-17",344849.9
"Queensland...Trend","Jul-17",346038.2
"Queensland...Trend","Aug-17",347196.4
"Queensland...Trend","Sep-17",348274.6
"Queensland...Trend","Oct-17",349165.9
"Queensland...Trend","Nov-17",349539
"Queensland...Trend","Dec-17",349292.9
"Queensland...Trend","Jan-18",348572.3
"Queensland...Trend","Feb-18",347902.8
"Queensland...Trend","Mar-18",347499.6
"Queensland...Trend","Apr-18",347420.4
"Queensland...Trend","May-18",347645.4
"Queensland...Trend","Jun-18",347914
"Queensland...Trend","Jul-18",348066.2
"Queensland...Trend","Aug-18",348152.9
"Queensland...Trend","Sep-18",348412.3
"Queensland...Trend","Oct-18",349230.8
"Queensland...Trend","Nov-18",350559.5
"Queensland...Trend","Dec-18",352314.9
"Queensland...Trend","Jan-19",354033.3
"Queensland...Trend","Feb-19",355356.5
"Queensland...Trend","Mar-19",355956.8
"Queensland...Trend","Apr-19",355876.2
"Queensland...Trend","May-19",355389.3
"Queensland...Trend","Jun-19",354817.1
"Queensland...Trend","Jul-19",354540.5
"Queensland...Trend","Aug-19",354637.2
"Queensland...Trend","Sep-19",354862.4
"Queensland...Trend","Oct-19",354960.7
"Queensland...Trend","Nov-19",354585.5
"Queensland...Trend","Dec-19",353738.7
"Queensland...Trend","Jan-20",352661.5
"Queensland...Trend","Feb-20",352147.9
"Queensland...Trend","Mar-20",352445.4
"Queensland...Trend","Apr-20",323290.7
"Queensland...Trend","May-20",324654.7
"Queensland...Trend","Jun-20",326427.3
"Queensland...Trend","Jul-20",328402.5
"Queensland...Trend","Aug-20",344574.4
"Queensland...Trend","Sep-20",346803.5
"Queensland...Trend","Oct-20",349094.6
"Queensland...Trend","Nov-20",351105.5
"Queensland...Trend","Dec-20",352587.2
"Queensland...Trend","Jan-21",353356.3
"Queensland...Trend","Feb-21",368812.4
"Queensland...Trend","Mar-21",368917.8
"Queensland...Trend","Apr-21",369057.1
"Queensland...Trend","May-21",369131.5
"Queensland...Trend","Jun-21",368994
"Queensland...Trend","Jul-21",368616.9
"Queensland...Trend","Aug-21",368207.2
"Queensland...Trend","Sep-21",368185.9
"Queensland...Trend","Oct-21",368897
"Queensland...Trend","Nov-21",370175.3
"Queensland...Trend","Dec-21",371995
"Queensland...Trend","Jan-22",374019.2
"Queensland...Trend","Feb-22",376083.9
"Queensland...Trend","Mar-22",378133.9
"Queensland...Trend","Apr-22",380021.2
"Queensland...Trend","May-22",381610.7
"Queensland...Trend","Jun-22",383086.2
"Queensland...Trend","Jul-22",384313.8
"Queensland...Trend","Aug-22",385227.1
"Queensland...Trend","Sep-22",385769.4
"Queensland...Trend","Oct-22",386268.4
"Queensland...Trend","Nov-22",386975.8
"Queensland...Trend","Dec-22",388131.7
"Queensland...Trend","Jan-23",389719.6
"Queensland...Trend","Feb-23",391659.1
"Queensland...Trend","Mar-23",393513.8
"Queensland...Trend","Apr-23",394658.3
"Queensland...Trend","May-23",394858.1
"Queensland...Trend","Jun-23",394161.2
"Queensland...Trend","Jul-23",393037.8
"Queensland...Trend","Aug-23",392064.7
"Queensland...Trend","Sep-23",391493.4
"Queensland...Trend","Oct-23",391591.8
"Queensland...Trend","Nov-23",392233
"Queensland...Trend","Dec-23",393422.7
"Queensland...Trend","Jan-24",395016.1
"Queensland...Trend","Feb-24",397031.7
"Queensland...Trend","Mar-24",399236.2
"Queensland...Trend","Apr-24",401304
"Queensland...Trend","May-24",402957.6
"Queensland...Trend","Jun-24",404028.7
"Queensland...Trend","Jul-24",404722
"Queensland...Trend","Aug-24",405259.4
"South.Australia...Trend","Jan-14",109116.4
"South.Australia...Trend","Feb-14",109274.6
"South.Australia...Trend","Mar-14",109506.7
"South.Australia...Trend","Apr-14",109840.8
"South.Australia...Trend","May-14",110259.4
"South.Australia...Trend","Jun-14",110719.7
"South.Australia...Trend","Jul-14",111092.2
"South.Australia...Trend","Aug-14",111273.2
"South.Australia...Trend","Sep-14",111222.4
"South.Australia...Trend","Oct-14",110977.5
"South.Australia...Trend","Nov-14",110591.5
"South.Australia...Trend","Dec-14",110144
"South.Australia...Trend","Jan-15",109684.9
"South.Australia...Trend","Feb-15",109243.1
"South.Australia...Trend","Mar-15",108814.8
"South.Australia...Trend","Apr-15",108392.4
"South.Australia...Trend","May-15",108005.4
"South.Australia...Trend","Jun-15",107706.1
"South.Australia...Trend","Jul-15",107543.3
"South.Australia...Trend","Aug-15",107526.7
"South.Australia...Trend","Sep-15",107620.2
"South.Australia...Trend","Oct-15",107776.7
"South.Australia...Trend","Nov-15",107965.2
"South.Australia...Trend","Dec-15",108142.5
"South.Australia...Trend","Jan-16",108234.8
"South.Australia...Trend","Feb-16",108214.7
"South.Australia...Trend","Mar-16",108119
"South.Australia...Trend","Apr-16",107996.5
"South.Australia...Trend","May-16",107914.8
"South.Australia...Trend","Jun-16",107974.8
"South.Australia...Trend","Jul-16",108211.9
"South.Australia...Trend","Aug-16",108650
"South.Australia...Trend","Sep-16",109218
"South.Australia...Trend","Oct-16",109746.8
"South.Australia...Trend","Nov-16",110146.7
"South.Australia...Trend","Dec-16",110393
"South.Australia...Trend","Jan-17",110534.7
"South.Australia...Trend","Feb-17",110667.7
"South.Australia...Trend","Mar-17",110851.2
"South.Australia...Trend","Apr-17",111137.3
"South.Australia...Trend","May-17",111512.4
"South.Australia...Trend","Jun-17",111918.4
"South.Australia...Trend","Jul-17",112267.6
"South.Australia...Trend","Aug-17",112484.4
"South.Australia...Trend","Sep-17",112569.7
"South.Australia...Trend","Oct-17",112600.3
"South.Australia...Trend","Nov-17",112614.8
"South.Australia...Trend","Dec-17",112653.1
"South.Australia...Trend","Jan-18",112746
"South.Australia...Trend","Feb-18",112892.3
"South.Australia...Trend","Mar-18",113102.4
"South.Australia...Trend","Apr-18",113325.6
"South.Australia...Trend","May-18",113534.2
"South.Australia...Trend","Jun-18",113738.5
"South.Australia...Trend","Jul-18",113938.6
"South.Australia...Trend","Aug-18",114127.1
"South.Australia...Trend","Sep-18",114266
"South.Australia...Trend","Oct-18",114400.4
"South.Australia...Trend","Nov-18",114608.2
"South.Australia...Trend","Dec-18",114931.3
"South.Australia...Trend","Jan-19",115334.8
"South.Australia...Trend","Feb-19",115749.7
"South.Australia...Trend","Mar-19",116051
"South.Australia...Trend","Apr-19",116187.4
"South.Australia...Trend","May-19",116128.4
"South.Australia...Trend","Jun-19",115870.2
"South.Australia...Trend","Jul-19",115515.3
"South.Australia...Trend","Aug-19",115162.8
"South.Australia...Trend","Sep-19",114886.9
"South.Australia...Trend","Oct-19",114743.4
"South.Australia...Trend","Nov-19",114670.2
"South.Australia...Trend","Dec-19",114610.5
"South.Australia...Trend","Jan-20",114543.8
"South.Australia...Trend","Feb-20",114418.2
"South.Australia...Trend","Mar-20",114259.6
"South.Australia...Trend","Apr-20",103738.9
"South.Australia...Trend","May-20",103783.3
"South.Australia...Trend","Jun-20",104080.4
"South.Australia...Trend","Jul-20",110805.2
"South.Australia...Trend","Aug-20",111651.3
"South.Australia...Trend","Sep-20",112646.6
"South.Australia...Trend","Oct-20",113660.2
"South.Australia...Trend","Nov-20",114599.6
"South.Australia...Trend","Dec-20",115413.4
"South.Australia...Trend","Jan-21",116020.1
"South.Australia...Trend","Feb-21",116450.3
"South.Australia...Trend","Mar-21",116818.7
"South.Australia...Trend","Apr-21",117214.1
"South.Australia...Trend","May-21",117712.3
"South.Australia...Trend","Jun-21",118334.8
"South.Australia...Trend","Jul-21",119032.7
"South.Australia...Trend","Aug-21",119711.2
"South.Australia...Trend","Sep-21",120221.5
"South.Australia...Trend","Oct-21",120523.9
"South.Australia...Trend","Nov-21",120570.1
"South.Australia...Trend","Dec-21",120383.4
"South.Australia...Trend","Jan-22",120109.9
"South.Australia...Trend","Feb-22",119825.5
"South.Australia...Trend","Mar-22",119618.7
"South.Australia...Trend","Apr-22",119576.6
"South.Australia...Trend","May-22",119787.5
"South.Australia...Trend","Jun-22",120239.1
"South.Australia...Trend","Jul-22",120833.8
"South.Australia...Trend","Aug-22",121465.3
"South.Australia...Trend","Sep-22",122063.7
"South.Australia...Trend","Oct-22",122668.5
"South.Australia...Trend","Nov-22",123295.7
"South.Australia...Trend","Dec-22",124017.4
"South.Australia...Trend","Jan-23",124861.8
"South.Australia...Trend","Feb-23",125765.5
"South.Australia...Trend","Mar-23",126601.6
"South.Australia...Trend","Apr-23",127163
"South.Australia...Trend","May-23",127392.3
"South.Australia...Trend","Jun-23",127300.3
"South.Australia...Trend","Jul-23",126967.1
"South.Australia...Trend","Aug-23",126493.9
"South.Australia...Trend","Sep-23",125950.3
"South.Australia...Trend","Oct-23",125412
"South.Australia...Trend","Nov-23",124926.3
"South.Australia...Trend","Dec-23",124502.1
"South.Australia...Trend","Jan-24",124108.6
"South.Australia...Trend","Feb-24",123783.5
"South.Australia...Trend","Mar-24",123573.4
"South.Australia...Trend","Apr-24",123470.7
"South.Australia...Trend","May-24",123452.1
"South.Australia...Trend","Jun-24",123518.1
"South.Australia...Trend","Jul-24",123648.5
"South.Australia...Trend","Aug-24",123826.9
"Western.Australia...Trend","Jan-14",186724
"Western.Australia...Trend","Feb-14",186947.4
"Western.Australia...Trend","Mar-14",187311.2
"Western.Australia...Trend","Apr-14",187709.1
"Western.Australia...Trend","May-14",188109.4
"Western.Australia...Trend","Jun-14",188554.3
"Western.Australia...Trend","Jul-14",189012.8
"Western.Australia...Trend","Aug-14",189449.5
"Western.Australia...Trend","Sep-14",189828
"Western.Australia...Trend","Oct-14",189998.1
"Western.Australia...Trend","Nov-14",190008.8
"Western.Australia...Trend","Dec-14",190035
"Western.Australia...Trend","Jan-15",190108.4
"Western.Australia...Trend","Feb-15",190155.2
"Western.Australia...Trend","Mar-15",190118.8
"Western.Australia...Trend","Apr-15",189912.2
"Western.Australia...Trend","May-15",189478.9
"Western.Australia...Trend","Jun-15",188739.5
"Western.Australia...Trend","Jul-15",187685.3
"Western.Australia...Trend","Aug-15",186482.5
"Western.Australia...Trend","Sep-15",185364.8
"Western.Australia...Trend","Oct-15",184594.8
"Western.Australia...Trend","Nov-15",184164.7
"Western.Australia...Trend","Dec-15",183831.3
"Western.Australia...Trend","Jan-16",183440
"Western.Australia...Trend","Feb-16",182887.5
"Western.Australia...Trend","Mar-16",182179
"Western.Australia...Trend","Apr-16",181340.8
"Western.Australia...Trend","May-16",180468.3
"Western.Australia...Trend","Jun-16",179726.1
"Western.Australia...Trend","Jul-16",179286.5
"Western.Australia...Trend","Aug-16",179260.9
"Western.Australia...Trend","Sep-16",179648
"Western.Australia...Trend","Oct-16",180480.2
"Western.Australia...Trend","Nov-16",181675.9
"Western.Australia...Trend","Dec-16",183031.9
"Western.Australia...Trend","Jan-17",184260.2
"Western.Australia...Trend","Feb-17",185254
"Western.Australia...Trend","Mar-17",186004.2
"Western.Australia...Trend","Apr-17",186621
"Western.Australia...Trend","May-17",187270.3
"Western.Australia...Trend","Jun-17",187985
"Western.Australia...Trend","Jul-17",188716.5
"Western.Australia...Trend","Aug-17",189292.2
"Western.Australia...Trend","Sep-17",189530
"Western.Australia...Trend","Oct-17",189342
"Western.Australia...Trend","Nov-17",188806.9
"Western.Australia...Trend","Dec-17",188201.9
"Western.Australia...Trend","Jan-18",187816.2
"Western.Australia...Trend","Feb-18",187869.4
"Western.Australia...Trend","Mar-18",188377.3
"Western.Australia...Trend","Apr-18",189172.1
"Western.Australia...Trend","May-18",189982.2
"Western.Australia...Trend","Jun-18",190701.9
"Western.Australia...Trend","Jul-18",191277.6
"Western.Australia...Trend","Aug-18",191718
"Western.Australia...Trend","Sep-18",191989.5
"Western.Australia...Trend","Oct-18",192150.5
"Western.Australia...Trend","Nov-18",192337.8
"Western.Australia...Trend","Dec-18",192656.5
"Western.Australia...Trend","Jan-19",193129.3
"Western.Australia...Trend","Feb-19",193769.6
"Western.Australia...Trend","Mar-19",194624.3
"Western.Australia...Trend","Apr-19",195509
"Western.Australia...Trend","May-19",196256.2
"Western.Australia...Trend","Jun-19",196716.1
"Western.Australia...Trend","Jul-19",196759.7
"Western.Australia...Trend","Aug-19",196567.4
"Western.Australia...Trend","Sep-19",196275
"Western.Australia...Trend","Oct-19",196015.5
"Western.Australia...Trend","Nov-19",195855.6
"Western.Australia...Trend","Dec-19",195938.3
"Western.Australia...Trend","Jan-20",196379
"Western.Australia...Trend","Feb-20",197144
"Western.Australia...Trend","Mar-20",198129.9
"Western.Australia...Trend","Apr-20",179053.3
"Western.Australia...Trend","May-20",179795.6
"Western.Australia...Trend","Jun-20",180391
"Western.Australia...Trend","Jul-20",193674.5
"Western.Australia...Trend","Aug-20",194349.1
"Western.Australia...Trend","Sep-20",194966.6
"Western.Australia...Trend","Oct-20",195580.8
"Western.Australia...Trend","Nov-20",196017.7
"Western.Australia...Trend","Dec-20",196270.8
"Western.Australia...Trend","Jan-21",196503.4
"Western.Australia...Trend","Feb-21",196905.2
"Western.Australia...Trend","Mar-21",197660.8
"Western.Australia...Trend","Apr-21",198883
"Western.Australia...Trend","May-21",200483.5
"Western.Australia...Trend","Jun-21",202055.7
"Western.Australia...Trend","Jul-21",203358
"Western.Australia...Trend","Aug-21",204378.4
"Western.Australia...Trend","Sep-21",205156.7
"Western.Australia...Trend","Oct-21",205822.8
"Western.Australia...Trend","Nov-21",206534.3
"Western.Australia...Trend","Dec-21",207326.2
"Western.Australia...Trend","Jan-22",207958.2
"Western.Australia...Trend","Feb-22",208365.8
"Western.Australia...Trend","Mar-22",208564.2
"Western.Australia...Trend","Apr-22",208540.8
"Western.Australia...Trend","May-22",208535.2
"Western.Australia...Trend","Jun-22",208843.6
"Western.Australia...Trend","Jul-22",209537
"Western.Australia...Trend","Aug-22",210578.8
"Western.Australia...Trend","Sep-22",211962
"Western.Australia...Trend","Oct-22",213591.3
"Western.Australia...Trend","Nov-22",215272.6
"Western.Australia...Trend","Dec-22",216889.6
"Western.Australia...Trend","Jan-23",218366.6
"Western.Australia...Trend","Feb-23",219626.3
"Western.Australia...Trend","Mar-23",220582.3
"Western.Australia...Trend","Apr-23",221254.9
"Western.Australia...Trend","May-23",221571
"Western.Australia...Trend","Jun-23",221547
"Western.Australia...Trend","Jul-23",221317.9
"Western.Australia...Trend","Aug-23",220966.9
"Western.Australia...Trend","Sep-23",220560.7
"Western.Australia...Trend","Oct-23",220274.5
"Western.Australia...Trend","Nov-23",220238.4
"Western.Australia...Trend","Dec-23",220435.1
"Western.Australia...Trend","Jan-24",220856.1
"Western.Australia...Trend","Feb-24",221429.2
"Western.Australia...Trend","Mar-24",222166.6
"Western.Australia...Trend","Apr-24",223095.3
"Western.Australia...Trend","May-24",224189.8
"Western.Australia...Trend","Jun-24",225351.7
"Western.Australia...Trend","Jul-24",226436
"Western.Australia...Trend","Aug-24",227345.2
"Tasmania...Trend","Jan-14",30504.1
"Tasmania...Trend","Feb-14",30732.8
"Tasmania...Trend","Mar-14",30917.9
"Tasmania...Trend","Apr-14",31042.4
"Tasmania...Trend","May-14",31109.1
"Tasmania...Trend","Jun-14",31148.4
"Tasmania...Trend","Jul-14",31190.8
"Tasmania...Trend","Aug-14",31256.8
"Tasmania...Trend","Sep-14",31355.1
"Tasmania...Trend","Oct-14",31491.1
"Tasmania...Trend","Nov-14",31634.5
"Tasmania...Trend","Dec-14",31730.5
"Tasmania...Trend","Jan-15",31739
"Tasmania...Trend","Feb-15",31671.7
"Tasmania...Trend","Mar-15",31560.2
"Tasmania...Trend","Apr-15",31456.7
"Tasmania...Trend","May-15",31414.4
"Tasmania...Trend","Jun-15",31443.9
"Tasmania...Trend","Jul-15",31520.8
"Tasmania...Trend","Aug-15",31622.4
"Tasmania...Trend","Sep-15",31707.3
"Tasmania...Trend","Oct-15",31740.8
"Tasmania...Trend","Nov-15",31709.2
"Tasmania...Trend","Dec-15",31634.8
"Tasmania...Trend","Jan-16",31539.3
"Tasmania...Trend","Feb-16",31429.9
"Tasmania...Trend","Mar-16",31330.5
"Tasmania...Trend","Apr-16",31285.9
"Tasmania...Trend","May-16",31306.8
"Tasmania...Trend","Jun-16",31383.7
"Tasmania...Trend","Jul-16",31474
"Tasmania...Trend","Aug-16",31532.9
"Tasmania...Trend","Sep-16",31540.5
"Tasmania...Trend","Oct-16",31532.6
"Tasmania...Trend","Nov-16",31556.3
"Tasmania...Trend","Dec-16",31656.6
"Tasmania...Trend","Jan-17",31845.1
"Tasmania...Trend","Feb-17",32112.8
"Tasmania...Trend","Mar-17",32398.9
"Tasmania...Trend","Apr-17",32647.9
"Tasmania...Trend","May-17",32831.8
"Tasmania...Trend","Jun-17",32955
"Tasmania...Trend","Jul-17",33025.8
"Tasmania...Trend","Aug-17",33052.5
"Tasmania...Trend","Sep-17",33050.8
"Tasmania...Trend","Oct-17",33045.2
"Tasmania...Trend","Nov-17",33052.5
"Tasmania...Trend","Dec-17",33080.8
"Tasmania...Trend","Jan-18",33119.7
"Tasmania...Trend","Feb-18",33170.6
"Tasmania...Trend","Mar-18",33246.1
"Tasmania...Trend","Apr-18",33329.5
"Tasmania...Trend","May-18",33394
"Tasmania...Trend","Jun-18",33437.6
"Tasmania...Trend","Jul-18",33450.2
"Tasmania...Trend","Aug-18",33440.9
"Tasmania...Trend","Sep-18",33417.3
"Tasmania...Trend","Oct-18",33379.2
"Tasmania...Trend","Nov-18",33320.4
"Tasmania...Trend","Dec-18",33238.1
"Tasmania...Trend","Jan-19",33152.6
"Tasmania...Trend","Feb-19",33089.1
"Tasmania...Trend","Mar-19",33077.2
"Tasmania...Trend","Apr-19",33113.8
"Tasmania...Trend","May-19",33193.7
"Tasmania...Trend","Jun-19",33286.7
"Tasmania...Trend","Jul-19",33384.8
"Tasmania...Trend","Aug-19",33484.4
"Tasmania...Trend","Sep-19",33572.4
"Tasmania...Trend","Oct-19",33654.7
"Tasmania...Trend","Nov-19",33744.1
"Tasmania...Trend","Dec-19",33832.6
"Tasmania...Trend","Jan-20",33900.8
"Tasmania...Trend","Feb-20",33945.2
"Tasmania...Trend","Mar-20",33996.4
"Tasmania...Trend","Apr-20",30193.1
"Tasmania...Trend","May-20",30334.9
"Tasmania...Trend","Jun-20",32687.9
"Tasmania...Trend","Jul-20",32923.3
"Tasmania...Trend","Aug-20",33206.2
"Tasmania...Trend","Sep-20",33549.7
"Tasmania...Trend","Oct-20",33949
"Tasmania...Trend","Nov-20",34376.3
"Tasmania...Trend","Dec-20",34796.3
"Tasmania...Trend","Jan-21",35172
"Tasmania...Trend","Feb-21",35478.8
"Tasmania...Trend","Mar-21",35710.7
"Tasmania...Trend","Apr-21",35868.6
"Tasmania...Trend","May-21",35982.9
"Tasmania...Trend","Jun-21",36078.1
"Tasmania...Trend","Jul-21",36156.6
"Tasmania...Trend","Aug-21",36206.8
"Tasmania...Trend","Sep-21",36216.1
"Tasmania...Trend","Oct-21",36186.4
"Tasmania...Trend","Nov-21",36132.3
"Tasmania...Trend","Dec-21",36073
"Tasmania...Trend","Jan-22",36017.6
"Tasmania...Trend","Feb-22",35955
"Tasmania...Trend","Mar-22",35908.9
"Tasmania...Trend","Apr-22",35923.3
"Tasmania...Trend","May-22",36020.8
"Tasmania...Trend","Jun-22",36215.6
"Tasmania...Trend","Jul-22",36499.7
"Tasmania...Trend","Aug-22",36829.5
"Tasmania...Trend","Sep-22",37153.8
"Tasmania...Trend","Oct-22",37432.1
"Tasmania...Trend","Nov-22",37676.8
"Tasmania...Trend","Dec-22",37909.4
"Tasmania...Trend","Jan-23",38143
"Tasmania...Trend","Feb-23",38361.8
"Tasmania...Trend","Mar-23",38511.3
"Tasmania...Trend","Apr-23",38546
"Tasmania...Trend","May-23",38465.2
"Tasmania...Trend","Jun-23",38291.4
"Tasmania...Trend","Jul-23",38073
"Tasmania...Trend","Aug-23",37855.7
"Tasmania...Trend","Sep-23",37653.2
"Tasmania...Trend","Oct-23",37448.9
"Tasmania...Trend","Nov-23",37231.9
"Tasmania...Trend","Dec-23",37007.1
"Tasmania...Trend","Jan-24",36816.3
"Tasmania...Trend","Feb-24",36668.9
"Tasmania...Trend","Mar-24",36566.6
"Tasmania...Trend","Apr-24",36498.4
"Tasmania...Trend","May-24",36442.7
"Tasmania...Trend","Jun-24",36401.8
"Tasmania...Trend","Jul-24",36379.6
"Tasmania...Trend","Aug-24",36387.2
"Northern.Territory...Trend","Jan-14",20295.1
"Northern.Territory...Trend","Feb-14",20307.4
"Northern.Territory...Trend","Mar-14",20274.5
"Northern.Territory...Trend","Apr-14",20206.9
"Northern.Territory...Trend","May-14",20124.4
"Northern.Territory...Trend","Jun-14",20040
"Northern.Territory...Trend","Jul-14",19959
"Northern.Territory...Trend","Aug-14",19884.5
"Northern.Territory...Trend","Sep-14",19828.8
"Northern.Territory...Trend","Oct-14",19801.5
"Northern.Territory...Trend","Nov-14",19831.3
"Northern.Territory...Trend","Dec-14",19932.9
"Northern.Territory...Trend","Jan-15",20096.8
"Northern.Territory...Trend","Feb-15",20287.6
"Northern.Territory...Trend","Mar-15",20448.3
"Northern.Territory...Trend","Apr-15",20552.6
"Northern.Territory...Trend","May-15",20597
"Northern.Territory...Trend","Jun-15",20572.1
"Northern.Territory...Trend","Jul-15",20513.8
"Northern.Territory...Trend","Aug-15",20458.5
"Northern.Territory...Trend","Sep-15",20413.9
"Northern.Territory...Trend","Oct-15",20373.5
"Northern.Territory...Trend","Nov-15",20324.6
"Northern.Territory...Trend","Dec-15",20266.5
"Northern.Territory...Trend","Jan-16",20215.7
"Northern.Territory...Trend","Feb-16",20206.6
"Northern.Territory...Trend","Mar-16",20254.6
"Northern.Territory...Trend","Apr-16",20340.3
"Northern.Territory...Trend","May-16",20442.4
"Northern.Territory...Trend","Jun-16",20537.6
"Northern.Territory...Trend","Jul-16",20595.9
"Northern.Territory...Trend","Aug-16",20604.1
"Northern.Territory...Trend","Sep-16",20582.2
"Northern.Territory...Trend","Oct-16",20544.1
"Northern.Territory...Trend","Nov-16",20498.4
"Northern.Territory...Trend","Dec-16",20439.5
"Northern.Territory...Trend","Jan-17",20347.8
"Northern.Territory...Trend","Feb-17",20219.7
"Northern.Territory...Trend","Mar-17",20074.8
"Northern.Territory...Trend","Apr-17",19952.8
"Northern.Territory...Trend","May-17",19879.6
"Northern.Territory...Trend","Jun-17",19860.7
"Northern.Territory...Trend","Jul-17",19875.8
"Northern.Territory...Trend","Aug-17",19900.6
"Northern.Territory...Trend","Sep-17",19923.6
"Northern.Territory...Trend","Oct-17",19946.8
"Northern.Territory...Trend","Nov-17",19976.1
"Northern.Territory...Trend","Dec-17",20033.3
"Northern.Territory...Trend","Jan-18",20130.9
"Northern.Territory...Trend","Feb-18",20252.6
"Northern.Territory...Trend","Mar-18",20377.8
"Northern.Territory...Trend","Apr-18",20476.9
"Northern.Territory...Trend","May-18",20526.9
"Northern.Territory...Trend","Jun-18",20525.8
"Northern.Territory...Trend","Jul-18",20474.5
"Northern.Territory...Trend","Aug-18",20388.7
"Northern.Territory...Trend","Sep-18",20275.2
"Northern.Territory...Trend","Oct-18",20159.9
"Northern.Territory...Trend","Nov-18",20058.9
"Northern.Territory...Trend","Dec-18",19960.1
"Northern.Territory...Trend","Jan-19",19848.1
"Northern.Territory...Trend","Feb-19",19724
"Northern.Territory...Trend","Mar-19",19588.1
"Northern.Territory...Trend","Apr-19",19464.3
"Northern.Territory...Trend","May-19",19375.4
"Northern.Territory...Trend","Jun-19",19326.9
"Northern.Territory...Trend","Jul-19",19315.7
"Northern.Territory...Trend","Aug-19",19344.4
"Northern.Territory...Trend","Sep-19",19390.5
"Northern.Territory...Trend","Oct-19",19441.3
"Northern.Territory...Trend","Nov-19",19477.2
"Northern.Territory...Trend","Dec-19",19469.1
"Northern.Territory...Trend","Jan-20",19395.9
"Northern.Territory...Trend","Feb-20",19250.8
"Northern.Territory...Trend","Mar-20",19067.6
"Northern.Territory...Trend","Apr-20",18889.2
"Northern.Territory...Trend","May-20",18768.5
"Northern.Territory...Trend","Jun-20",18741.2
"Northern.Territory...Trend","Jul-20",18804.4
"Northern.Territory...Trend","Aug-20",18918.4
"Northern.Territory...Trend","Sep-20",19033.6
"Northern.Territory...Trend","Oct-20",19128.9
"Northern.Territory...Trend","Nov-20",19201.9
"Northern.Territory...Trend","Dec-20",19284.1
"Northern.Territory...Trend","Jan-21",19391.5
"Northern.Territory...Trend","Feb-21",19490.9
"Northern.Territory...Trend","Mar-21",19534.9
"Northern.Territory...Trend","Apr-21",19504.7
"Northern.Territory...Trend","May-21",19437.2
"Northern.Territory...Trend","Jun-21",19353.2
"Northern.Territory...Trend","Jul-21",19276.7
"Northern.Territory...Trend","Aug-21",19242.4
"Northern.Territory...Trend","Sep-21",19255.8
"Northern.Territory...Trend","Oct-21",19290.5
"Northern.Territory...Trend","Nov-21",19317.1
"Northern.Territory...Trend","Dec-21",19319.3
"Northern.Territory...Trend","Jan-22",19307.7
"Northern.Territory...Trend","Feb-22",19303.6
"Northern.Territory...Trend","Mar-22",19342.8
"Northern.Territory...Trend","Apr-22",19410.6
"Northern.Territory...Trend","May-22",19477.6
"Northern.Territory...Trend","Jun-22",19533.7
"Northern.Territory...Trend","Jul-22",19574.1
"Northern.Territory...Trend","Aug-22",19554.4
"Northern.Territory...Trend","Sep-22",19490.8
"Northern.Territory...Trend","Oct-22",19443.9
"Northern.Territory...Trend","Nov-22",19450.2
"Northern.Territory...Trend","Dec-22",19541.3
"Northern.Territory...Trend","Jan-23",19714.1
"Northern.Territory...Trend","Feb-23",19930.2
"Northern.Territory...Trend","Mar-23",20130.9
"Northern.Territory...Trend","Apr-23",20262.1
"Northern.Territory...Trend","May-23",20309.8
"Northern.Territory...Trend","Jun-23",20256.1
"Northern.Territory...Trend","Jul-23",20136.9
"Northern.Territory...Trend","Aug-23",19999.6
"Northern.Territory...Trend","Sep-23",19886.4
"Northern.Territory...Trend","Oct-23",19832.8
"Northern.Territory...Trend","Nov-23",19857.8
"Northern.Territory...Trend","Dec-23",19943.1
"Northern.Territory...Trend","Jan-24",20026.4
"Northern.Territory...Trend","Feb-24",20070.7
"Northern.Territory...Trend","Mar-24",20071.1
"Northern.Territory...Trend","Apr-24",20045.6
"Northern.Territory...Trend","May-24",20028.1
"Northern.Territory...Trend","Jun-24",20042.1
"Northern.Territory...Trend","Jul-24",20080.1
"Northern.Territory...Trend","Aug-24",20118.8
"Australian.Capital.Territory","Jan-14",28475.4
"Australian.Capital.Territory","Feb-14",28594.1
"Australian.Capital.Territory","Mar-14",28726.6
"Australian.Capital.Territory","Apr-14",28831.2
"Australian.Capital.Territory","May-14",28903.6
"Australian.Capital.Territory","Jun-14",28946
"Australian.Capital.Territory","Jul-14",28947.6
"Australian.Capital.Territory","Aug-14",28902.6
"Australian.Capital.Territory","Sep-14",28808.6
"Australian.Capital.Territory","Oct-14",28704.2
"Australian.Capital.Territory","Nov-14",28615.3
"Australian.Capital.Territory","Dec-14",28571.1
"Australian.Capital.Territory","Jan-15",28579.4
"Australian.Capital.Territory","Feb-15",28628.5
"Australian.Capital.Territory","Mar-15",28698.4
"Australian.Capital.Territory","Apr-15",28756.3
"Australian.Capital.Territory","May-15",28773.8
"Australian.Capital.Territory","Jun-15",28764.8
"Australian.Capital.Territory","Jul-15",28757
"Australian.Capital.Territory","Aug-15",28770
"Australian.Capital.Territory","Sep-15",28808.3
"Australian.Capital.Territory","Oct-15",28878.4
"Australian.Capital.Territory","Nov-15",28978.2
"Australian.Capital.Territory","Dec-15",29094.6
"Australian.Capital.Territory","Jan-16",29195.8
"Australian.Capital.Territory","Feb-16",29282.2
"Australian.Capital.Territory","Mar-16",29371.8
"Australian.Capital.Territory","Apr-16",29485.4
"Australian.Capital.Territory","May-16",29590.2
"Australian.Capital.Territory","Jun-16",29668.8
"Australian.Capital.Territory","Jul-16",29727
"Australian.Capital.Territory","Aug-16",29761.5
"Australian.Capital.Territory","Sep-16",29776.2
"Australian.Capital.Territory","Oct-16",29774.3
"Australian.Capital.Territory","Nov-16",29752.8
"Australian.Capital.Territory","Dec-16",29748.4
"Australian.Capital.Territory","Jan-17",29799.8
"Australian.Capital.Territory","Feb-17",29887.9
"Australian.Capital.Territory","Mar-17",29984.1
"Australian.Capital.Territory","Apr-17",30102
"Australian.Capital.Territory","May-17",30246.9
"Australian.Capital.Territory","Jun-17",30425.5
"Australian.Capital.Territory","Jul-17",30623.3
"Australian.Capital.Territory","Aug-17",30839.4
"Australian.Capital.Territory","Sep-17",31069.5
"Australian.Capital.Territory","Oct-17",31305.3
"Australian.Capital.Territory","Nov-17",31525.6
"Australian.Capital.Territory","Dec-17",31681.8
"Australian.Capital.Territory","Jan-18",31735.7
"Australian.Capital.Territory","Feb-18",31715.7
"Australian.Capital.Territory","Mar-18",31651.9
"Australian.Capital.Territory","Apr-18",31553.6
"Australian.Capital.Territory","May-18",31451.4
"Australian.Capital.Territory","Jun-18",31377.5
"Australian.Capital.Territory","Jul-18",31355.7
"Australian.Capital.Territory","Aug-18",31369.4
"Australian.Capital.Territory","Sep-18",31359.8
"Australian.Capital.Territory","Oct-18",31308.9
"Australian.Capital.Territory","Nov-18",31235.4
"Australian.Capital.Territory","Dec-18",31174.8
"Australian.Capital.Territory","Jan-19",31185.8
"Australian.Capital.Territory","Feb-19",31265.5
"Australian.Capital.Territory","Mar-19",31380.8
"Australian.Capital.Territory","Apr-19",31515.5
"Australian.Capital.Territory","May-19",31652.4
"Australian.Capital.Territory","Jun-19",31777.4
"Australian.Capital.Territory","Jul-19",31889.8
"Australian.Capital.Territory","Aug-19",31985.7
"Australian.Capital.Territory","Sep-19",32092.1
"Australian.Capital.Territory","Oct-19",32195.6
"Australian.Capital.Territory","Nov-19",32291.4
"Australian.Capital.Territory","Dec-19",32391.5
"Australian.Capital.Territory","Jan-20",32497.5
"Australian.Capital.Territory","Feb-20",32625.8
"Australian.Capital.Territory","Mar-20",32802.1
"Australian.Capital.Territory","Apr-20",32991.8
"Australian.Capital.Territory","May-20",33183.8
"Australian.Capital.Territory","Jun-20",33369.1
"Australian.Capital.Territory","Jul-20",33565.2
"Australian.Capital.Territory","Aug-20",33775.4
"Australian.Capital.Territory","Sep-20",33962.2
"Australian.Capital.Territory","Oct-20",34085.3
"Australian.Capital.Territory","Nov-20",34127.3
"Australian.Capital.Territory","Dec-20",34090.5
"Australian.Capital.Territory","Jan-21",34004.7
"Australian.Capital.Territory","Feb-21",33893.2
"Australian.Capital.Territory","Mar-21",33777.5
"Australian.Capital.Territory","Apr-21",33652.4
"Australian.Capital.Territory","May-21",33511.1
"Australian.Capital.Territory","Jun-21",33325.6
"Australian.Capital.Territory","Jul-21",33124.7
"Australian.Capital.Territory","Aug-21",32910.9
"Australian.Capital.Territory","Sep-21",32740
"Australian.Capital.Territory","Oct-21",32622.5
"Australian.Capital.Territory","Nov-21",32551.5
"Australian.Capital.Territory","Dec-21",32488.8
"Australian.Capital.Territory","Jan-22",32422.6
"Australian.Capital.Territory","Feb-22",34230.4
"Australian.Capital.Territory","Mar-22",34153
"Australian.Capital.Territory","Apr-22",34084.7
"Australian.Capital.Territory","May-22",34080.5
"Australian.Capital.Territory","Jun-22",34154.3
"Australian.Capital.Territory","Jul-22",34335.2
"Australian.Capital.Territory","Aug-22",34605.7
"Australian.Capital.Territory","Sep-22",34939.5
"Australian.Capital.Territory","Oct-22",35260.2
"Australian.Capital.Territory","Nov-22",35560.6
"Australian.Capital.Territory","Dec-22",35814.8
"Australian.Capital.Territory","Jan-23",36001.5
"Australian.Capital.Territory","Feb-23",36098.6
"Australian.Capital.Territory","Mar-23",36141.7
"Australian.Capital.Territory","Apr-23",36137.4
"Australian.Capital.Territory","May-23",36087.6
"Australian.Capital.Territory","Jun-23",35987.6
"Australian.Capital.Territory","Jul-23",35852.8
"Australian.Capital.Territory","Aug-23",35707.1
"Australian.Capital.Territory","Sep-23",35606.9
"Australian.Capital.Territory","Oct-23",35574.5
"Australian.Capital.Territory","Nov-23",35592.6
"Australian.Capital.Territory","Dec-23",35664.4
"Australian.Capital.Territory","Jan-24",35818.6
"Australian.Capital.Territory","Feb-24",36014
"Australian.Capital.Territory","Mar-24",36203.4
"Australian.Capital.Territory","Apr-24",36369.8
"Australian.Capital.Territory","May-24",36529.9
"Australian.Capital.Territory","Jun-24",36688.9
"Australian.Capital.Territory","Jul-24",36837.3
"Australian.Capital.Territory","Aug-24",36987.6
